CYP2C9_allele,African American/Afro-Caribbean,American,Central/South Asian,East Asian,European,Latino,Near Eastern,Oceanian,Sub-Saharan African,mean_freq
*1/*9,0,0,0,0,0,0,0,0,0.188,0.0209
*1/*5,0.0203,0.0027,0,0,0.0003,0.015,0.0008,0,0.015,0.006
*1/*6,0.0148,0,0,0,0.0004,0.0017,0,0,0.0128,0.0033
*8/*9,0,0,0,0,0,0,0,0,0.0197,0.0022
*9/*9,0,0,0,0,0,0,0,0,0.0168,0.0019
*9/*11,0,0,0,0,0,0,0,0,0.0067,0.0007
*1/*25,0,0,0,0.0037,0,0,0,0,0,0.0004
*2/*9,0,0,0,0,0,0,0,0,0.0034,0.0004
*5/*8,0.0014,6.08e-05,0,0,6.30e-07,0.0001,6.71e-07,0,0.0016,0.0003
*3/*9,0,0,0,0,0,0,0,0,0.0029,0.0003
*5/*9,0,0,0,0,0,0,0,0,0.0027,0.0003
*2/*5,0.0005,9.96e-05,0,0,4.44e-05,0.0013,0.0001,0,0.0003,0.0003
*6/*8,0.001,0,0,0,1.01e-06,1.44e-05,0,0,0.0013,0.0003
*1/*12,0,0,0,0.0008,0,0,0.0016,0,0,0.0003
*6/*9,0,0,0,0,0,0,0,0,0.0023,0.0003
*1/*4,0,0,0,0,0,0,0.0018,0,0,0.0002
*3/*5,0.0003,8.96e-05,0,0,2.64e-05,0.0007,8.63e-05,0,0.0002,0.0002
*1/*66,0,0,0.0012,0,0,0,0,0,0,0.0001
*5/*11,0.0003,8.36e-06,0,0,5.74e-07,5.06e-05,0,0,0.0005,0.0001
*2/*6,0.0004,0,0,0,7.14e-05,0.0001,0,0,0.0002,9.26e-05
*1/*73,0,0,0.0006,0,0.0002,0,0,0,0,8.62e-05
*1/*63,0,0,0.0008,0,0,0,0,0,0,8.58e-05
*6/*11,0.0002,0,0,0,9.22e-07,5.66e-06,0,0,0.0005,7.72e-05
*1/*21,0,0,0,0,0.0002,0.0005,0,0,0,7.51e-05
*3/*6,0.0002,0,0,0,4.23e-05,7.83e-05,0,0,0.0002,6.08e-05
*1/*67,0,0,0.0003,0,0,0.0002,0,0,0,5.35e-05
*5/*6,0.0002,0,0,0,9.78e-08,1.70e-05,0,0,0.0002,4.41e-05
*1/*62,0,0,0,0,0.0002,0.0002,0,0,0,3.68e-05
*5/*5,0.0001,2.22e-06,0,0,3.04e-08,7.60e-05,2.73e-07,0,0.0001,3.56e-05
*2/*4,0,0,0,0,0,0,0.0003,0,0,3.39e-05
*2/*12,0,0,0,1.78e-06,0,0,0.0003,0,0,2.90e-05
*3/*12,0,0,0,3.15e-05,0,0,0.0002,0,0,2.18e-05
*3/*4,0,0,0,0,0,0,0.0002,0,0,2.16e-05
*2/*66,0,0,0.0002,0,0,0,0,0,0,2.02e-05
*3/*66,0,0,0.0002,0,0,0,0,0,0,1.95e-05
*6/*6,7.26e-05,0,0,0,7.85e-08,9.51e-07,0,0,7.75e-05,1.68e-05
*3/*25,0,0,0,0.0002,0,0,0,0,0,1.67e-05
*2/*73,0,0,9.10e-05,0,2.55e-05,0,0,0,0,1.29e-05
*2/*63,0,0,0.0001,0,0,0,0,0,0,1.26e-05
*3/*63,0,0,0.0001,0,0,0,0,0,0,1.22e-05
*3/*73,0,0,8.79e-05,0,1.51e-05,0,0,0,0,1.14e-05
*2/*21,0,0,0,0,2.55e-05,4.58e-05,0,0,0,7.91e-06
*2/*67,0,0,4.55e-05,0,0,1.53e-05,0,0,0,6.75e-06
*3/*67,0,0,4.39e-05,0,0,8.03e-06,0,0,0,5.78e-06
*25/*55,0,0,0,4.16e-05,0,0,0,0,0,4.62e-06
*2/*62,0,0,0,0,2.55e-05,1.53e-05,0,0,0,4.52e-06
*25/*42,0,0,0,4.00e-05,0,0,0,0,0,4.44e-06
*3/*21,0,0,0,0,1.51e-05,2.41e-05,0,0,0,4.36e-06
*3/*62,0,0,0,0,1.51e-05,8.03e-06,0,0,0,2.57e-06
*8/*25,0,0,0,1.49e-05,0,0,0,0,0,1.66e-06
*13/*25,0,0,0,1.33e-05,0,0,0,0,0,1.47e-06
*12/*42,0,0,0,8.36e-06,0,0,1.09e-06,0,0,1.05e-06
*25/*29,0,0,0,8.83e-06,0,0,0,0,0,9.81e-07
*5/*45,0,0,0,0,6.98e-08,8.72e-06,0,0,0,9.77e-07
*12/*55,0,0,0,8.70e-06,0,0,0,0,0,9.66e-07
*2/*25,0,0,0,8.50e-06,0,0,0,0,0,9.45e-07
*25/*26,0,0,0,8.00e-06,0,0,0,0,0,8.89e-07
*25/*28,0,0,0,8.00e-06,0,0,0,0,0,8.89e-07
*16/*25,0,0,0,7.51e-06,0,0,0,0,0,8.34e-07
*25/*27,0,0,0,6.47e-06,0,0,0,0,0,7.19e-07
*25/*31,0,0,0,6.41e-06,0,0,0,0,0,7.12e-07
*25/*30,0,0,0,6.24e-06,0,0,0,0,0,6.93e-07
*5/*21,0,0,0,0,3.49e-08,5.23e-06,0,0,0,5.85e-07
*5/*44,0,0,0,0,0,5.23e-06,0,0,0,5.81e-07
*8/*21,0,0,0,0,3.61e-07,4.42e-06,0,0,0,5.31e-07
*8/*12,0,0,0,3.12e-06,0,0,1.28e-06,0,0,4.89e-07
*25/*25,0,0,0,4.00e-06,0,0,0,0,0,4.44e-07
*12/*13,0,0,0,2.77e-06,0,0,0,0,0,3.08e-07
*25/*33,0,0,0,2.61e-06,0,0,0,0,0,2.90e-07
*12/*33,0,0,0,5.45e-07,0,0,2.00e-06,0,0,2.83e-07
*4/*14,0,0,0,0,0,0,2.35e-06,0,0,2.61e-07
*4/*12,0,0,0,0,0,0,2.35e-06,0,0,2.61e-07
*4/*33,0,0,0,0,0,0,2.35e-06,0,0,2.61e-07
*5/*42,0,0,0,0,0,1.74e-06,5.70e-07,0,0,2.57e-07
*12/*14,0,0,0,2.81e-07,0,0,2.00e-06,0,0,2.53e-07
*11/*21,0,0,0,0,3.29e-07,1.74e-06,0,0,0,2.30e-07
*19/*25,0,0,0,1.91e-06,0,0,0,0,0,2.12e-07
*8/*67,0,0,3.93e-07,0,0,1.47e-06,0,0,0,2.07e-07
*12/*29,0,0,0,1.85e-06,0,0,0,0,0,2.05e-07
*8/*62,0,0,0,0,3.61e-07,1.47e-06,0,0,0,2.04e-07
*5/*62,0,0,0,0,3.49e-08,1.74e-06,0,0,0,1.98e-07
*5/*67,0,0,0,0,0,1.74e-06,0,0,0,1.94e-07
*12/*26,0,0,0,1.67e-06,0,0,0,0,0,1.86e-07
*12/*28,0,0,0,1.67e-06,0,0,0,0,0,1.86e-07
*12/*25,0,0,0,1.67e-06,0,0,0,0,0,1.86e-07
*11/*66,0,0,1.67e-06,0,0,0,0,0,0,1.85e-07
*8/*66,0,0,1.57e-06,0,0,0,0,0,0,1.75e-07
*12/*16,0,0,0,1.57e-06,0,0,0,0,0,1.74e-07
*4/*8,0,0,0,0,0,0,1.51e-06,0,0,1.68e-07
*4/*4,0,0,0,0,0,0,1.38e-06,0,0,1.54e-07
*12/*27,0,0,0,1.35e-06,0,0,0,0,0,1.50e-07
*14/*25,0,0,0,1.34e-06,0,0,0,0,0,1.49e-07
*12/*31,0,0,0,1.34e-06,0,0,0,0,0,1.49e-07
*12/*30,0,0,0,1.30e-06,0,0,0,0,0,1.45e-07
*4/*42,0,0,0,0,0,0,1.28e-06,0,0,1.42e-07
*4/*5,0,0,0,0,0,0,1.23e-06,0,0,1.37e-07
*12/*12,0,0,0,1.75e-07,0,0,1.00e-06,0,0,1.31e-07
*11/*25,0,0,0,1.17e-06,0,0,0,0,0,1.30e-07
*11/*73,0,0,8.34e-07,0,3.29e-07,0,0,0,0,1.29e-07
*8/*73,0,0,7.85e-07,0,3.61e-07,0,0,0,0,1.27e-07
*6/*45,0,0,0,0,1.12e-07,9.75e-07,0,0,0,1.21e-07
*5/*14,0,0,0,0,0,0,1.05e-06,0,0,1.16e-07
*5/*33,0,0,0,0,0,0,1.05e-06,0,0,1.16e-07
*5/*12,0,0,0,0,0,0,1.05e-06,0,0,1.16e-07
*11/*63,0,0,1.04e-06,0,0,0,0,0,0,1.16e-07
*11/*67,0,0,4.17e-07,0,0,5.80e-07,0,0,0,1.11e-07
*8/*63,0,0,9.82e-07,0,0,0,0,0,0,1.09e-07
*11/*62,0,0,0,0,3.29e-07,5.80e-07,0,0,0,1.01e-07
*23/*25,0,0,0,8.48e-07,0,0,0,0,0,9.42e-08
*25/*34,0,0,0,8.48e-07,0,0,0,0,0,9.42e-08
*63/*66,0,0,8.00e-07,0,0,0,0,0,0,8.89e-08
*6/*21,0,0,0,0,5.61e-08,5.85e-07,0,0,0,7.12e-08
*66/*73,0,0,6.40e-07,0,0,0,0,0,0,7.11e-08
*66/*66,0,0,6.40e-07,0,0,0,0,0,0,7.11e-08
*6/*44,0,0,0,0,0,5.85e-07,0,0,0,6.50e-08
*63/*73,0,0,4.00e-07,0,0,0,0,0,0,4.44e-08
*12/*19,0,0,0,3.99e-07,0,0,0,0,0,4.43e-08
*21/*45,0,0,0,0,4.00e-08,3.00e-07,0,0,0,3.78e-08
*45/*66,0,0,3.20e-07,0,0,0,0,0,0,3.56e-08
*66/*67,0,0,3.20e-07,0,0,0,0,0,0,3.56e-08
*6/*62,0,0,0,0,5.61e-08,1.95e-07,0,0,0,2.79e-08
*63/*63,0,0,2.50e-07,0,0,0,0,0,0,2.78e-08
*11/*12,0,0,0,2.45e-07,0,0,0,0,0,2.72e-08
*63/*67,0,0,2.00e-07,0,0,0,0,0,0,2.22e-08
*45/*63,0,0,2.00e-07,0,0,0,0,0,0,2.22e-08
*45/*73,0,0,1.60e-07,0,4.00e-08,0,0,0,0,2.22e-08
*6/*67,0,0,0,0,0,1.95e-07,0,0,0,2.17e-08
*6/*42,0,0,0,0,0,1.95e-07,0,0,0,2.17e-08
*21/*44,0,0,0,0,0,1.80e-07,0,0,0,2.00e-08
*45/*67,0,0,8.00e-08,0,0,1.00e-07,0,0,0,2.00e-08
*12/*34,0,0,0,1.77e-07,0,0,0,0,0,1.97e-08
*12/*23,0,0,0,1.77e-07,0,0,0,0,0,1.97e-08
*73/*73,0,0,1.60e-07,0,1.00e-08,0,0,0,0,1.89e-08
*43/*66,0,0,1.60e-07,0,0,0,0,0,0,1.78e-08
*67/*73,0,0,1.60e-07,0,0,0,0,0,0,1.78e-08
*45/*62,0,0,0,0,4.00e-08,1.00e-07,0,0,0,1.56e-08
*21/*21,0,0,0,0,1.00e-08,9.00e-08,0,0,0,1.11e-08
*43/*63,0,0,1.00e-07,0,0,0,0,0,0,1.11e-08
*21/*62,0,0,0,0,2.00e-08,6.00e-08,0,0,0,8.89e-09
*43/*73,0,0,8.00e-08,0,0,0,0,0,0,8.89e-09
*21/*67,0,0,0,0,0,6.00e-08,0,0,0,6.67e-09
*21/*42,0,0,0,0,0,6.00e-08,0,0,0,6.67e-09
*44/*62,0,0,0,0,0,6.00e-08,0,0,0,6.67e-09
*44/*67,0,0,0,0,0,6.00e-08,0,0,0,6.67e-09
*6/*73,0,0,0,0,5.61e-08,0,0,0,0,6.23e-09
*67/*67,0,0,4.00e-08,0,0,1.00e-08,0,0,0,5.56e-09
*43/*67,0,0,4.00e-08,0,0,0,0,0,0,4.44e-09
*5/*73,0,0,0,0,3.49e-08,0,0,0,0,3.88e-09
*21/*73,0,0,0,0,2.00e-08,0,0,0,0,2.22e-09
*42/*62,0,0,0,0,0,2.00e-08,0,0,0,2.22e-09
*42/*67,0,0,0,0,0,2.00e-08,0,0,0,2.22e-09
*62/*67,0,0,0,0,0,2.00e-08,0,0,0,2.22e-09
*62/*62,0,0,0,0,1.00e-08,1.00e-08,0,0,0,2.22e-09
*62/*73,0,0,0,0,2.00e-08,0,0,0,0,2.22e-09
TOTAL,0.0399,0.003,0.0038,0.0048,0.0015,0.0203,0.0054,0,0.2753,0.0393
