genotype,African American/Afro-Caribbean,American,Central/South Asian,East Asian,European,Latino,Near Eastern,Oceanian,Sub-Saharan African,mean_freq
*1/*1,0.7587,0.8315,0.5962,0.8378,0.6284,0.7434,0.6112,0.9122,0.5264,0.7162
*1/*2,0.0391,0.0609,0.1757,0.0039,0.2018,0.1315,0.2029,0.056,0.019,0.099
*1/*3,0.0235,0.0548,0.1696,0.0689,0.1198,0.0692,0.129,0.0297,0.0162,0.0756
*1/*8,0.1028,0.0372,0.0015,0.0068,0.0029,0.0127,0.001,0,0.11,0.0306
*1/*11,0.0241,0.0051,0.0016,0.0005,0.0026,0.005,0,0,0.0373,0.0085
*2/*3,0.0006,0.002,0.025,0.0001,0.0192,0.0061,0.0214,0.0009,0.0003,0.0084
*2/*2,0.0005,0.0011,0.0129,0,0.0162,0.0058,0.0168,0.0008,0.0002,0.006
*3/*3,0.0002,0.0009,0.0121,0.0014,0.0057,0.0016,0.0068,0.0002,0.0001,0.0032
*1/*42,0,0,0,0.0183,0,0.0002,0.0008,0,0,0.0021
*1/*55,0,0,0,0.019,0,0,0,0,0,0.0021
*8/*8,0.0035,0.0004,0,1.00e-05,0,5.00e-05,0,0,0.0057,0.0011
*2/*8,0.0026,0.0014,0.0002,1.00e-05,0.0004,0.0011,0.0002,0,0.002,0.0009
*1/*13,0,0,0,0.0061,0,0,0,0,0,0.0007
*3/*8,0.0016,0.0012,0.0002,0.0003,0.0003,0.0006,0.0001,0,0.0017,0.0007
*8/*11,0.0016,0.0001,0,0,0,4.00e-05,0,0,0.0039,0.0006
*1/*29,0,0,0,0.004,0,0,0,0,0,0.0004
*1/*26,0,0,0,0.0037,0,0,0,0,0,0.0004
*1/*28,0,0,0,0.0037,0,0,0,0,0,0.0004
*1/*16,0,0,0,0.0034,0,0,0,0,0,0.0004
*1/*27,0,0,0,0.003,0,0,0,0,0,0.0003
*1/*31,0,0,0,0.0029,0,0,0,0,0,0.0003
*1/*30,0,0,0,0.0029,0,0,0,0,0,0.0003
*1/*33,0,0,0,0.0012,0,0,0.0016,0,0,0.0003
*2/*11,0.0006,0.0002,0.0002,0,0.0004,0.0004,0,0,0.0007,0.0003
*1/*14,0,0,0,0.0006,0,0,0.0016,0,0,0.0002
*3/*11,0.0004,0.0002,0.0002,2.00e-05,0.0002,0.0002,0,0,0.0006,0.0002
*1/*45,0,0,0.0003,0,0.0003,0.0009,0,0,0,0.0002
*1/*19,0,0,0,0.0009,0,0,0,0,0,9.67e-05
*11/*11,0.0002,0,0,0,0,0,0,0,0.0006,9.33e-05
*3/*42,0,0,0,0.0008,0,0,8.00e-05,0,0,9.22e-05
*3/*55,0,0,0,0.0008,0,0,0,0,0,8.67e-05
*1/*44,0,0,0,0,0,0.0005,0,0,0,5.67e-05
*1/*34,0,0,0,0.0004,0,0,0,0,0,4.22e-05
*1/*23,0,0,0,0.0004,0,0,0,0,0,4.22e-05
*2/*14,0,0,0,0,0,0,0.0003,0,0,2.78e-05
*2/*33,0,0,0,0,0,0,0.0003,0,0,2.78e-05
*3/*13,0,0,0,0.0002,0,0,0,0,0,2.67e-05
*42/*55,0,0,0,0.0002,0,0,0,0,0,2.22e-05
*3/*33,0,0,0,4.00e-05,0,0,0.0002,0,0,2.22e-05
*2/*42,0,0,0,4.00e-05,0,1.00e-05,0.0001,0,0,2.11e-05
*3/*14,0,0,0,2.00e-05,0,0,0.0002,0,0,2.00e-05
*3/*29,0,0,0,0.0002,0,0,0,0,0,1.78e-05
*2/*45,0,0,4.00e-05,0,5.00e-05,7.00e-05,0,0,0,1.78e-05
*3/*26,0,0,0,0.0001,0,0,0,0,0,1.67e-05
*1/*43,0,0,0.0001,0,0,0,0,0,0,1.67e-05
*3/*28,0,0,0,0.0001,0,0,0,0,0,1.67e-05
*3/*16,0,0,0,0.0001,0,0,0,0,0,1.56e-05
*3/*31,0,0,0,0.0001,0,0,0,0,0,1.33e-05
*3/*27,0,0,0,0.0001,0,0,0,0,0,1.33e-05
*3/*45,0,0,4.00e-05,0,3.00e-05,4.00e-05,0,0,0,1.22e-05
*3/*30,0,0,0,0.0001,0,0,0,0,0,1.22e-05
*55/*55,0,0,0,0.0001,0,0,0,0,0,1.11e-05
*42/*42,0,0,0,0.0001,0,0,0,0,0,1.11e-05
*8/*42,0,0,0,7.00e-05,0,0,0,0,0,7.78e-06
*8/*55,0,0,0,7.00e-05,0,0,0,0,0,7.78e-06
*13/*55,0,0,0,6.00e-05,0,0,0,0,0,6.67e-06
*13/*42,0,0,0,6.00e-05,0,0,0,0,0,6.67e-06
*28/*42,0,0,0,4.00e-05,0,0,0,0,0,4.44e-06
*26/*42,0,0,0,4.00e-05,0,0,0,0,0,4.44e-06
*2/*55,0,0,0,4.00e-05,0,0,0,0,0,4.44e-06
*26/*55,0,0,0,4.00e-05,0,0,0,0,0,4.44e-06
*2/*44,0,0,0,0,0,4.00e-05,0,0,0,4.44e-06
*29/*55,0,0,0,4.00e-05,0,0,0,0,0,4.44e-06
*29/*42,0,0,0,4.00e-05,0,0,0,0,0,4.44e-06
*28/*55,0,0,0,4.00e-05,0,0,0,0,0,4.44e-06
*27/*55,0,0,0,3.00e-05,0,0,0,0,0,3.33e-06
*30/*42,0,0,0,3.00e-05,0,0,0,0,0,3.33e-06
*31/*55,0,0,0,3.00e-05,0,0,0,0,0,3.33e-06
*31/*42,0,0,0,3.00e-05,0,0,0,0,0,3.33e-06
*3/*19,0,0,0,3.00e-05,0,0,0,0,0,3.33e-06
*16/*42,0,0,0,3.00e-05,0,0,0,0,0,3.33e-06
*16/*55,0,0,0,3.00e-05,0,0,0,0,0,3.33e-06
*27/*42,0,0,0,3.00e-05,0,0,0,0,0,3.33e-06
*30/*55,0,0,0,3.00e-05,0,0,0,0,0,3.33e-06
*3/*44,0,0,0,0,0,2.00e-05,0,0,0,2.22e-06
*8/*13,0,0,0,2.00e-05,0,0,0,0,0,2.22e-06
*2/*43,0,0,2.00e-05,0,0,0,0,0,0,2.22e-06
*3/*43,0,0,2.00e-05,0,0,0,0,0,0,2.22e-06
*13/*27,0,0,0,1.00e-05,0,0,0,0,0,1.11e-06
*13/*26,0,0,0,1.00e-05,0,0,0,0,0,1.11e-06
*13/*13,0,0,0,1.00e-05,0,0,0,0,0,1.11e-06
*13/*16,0,0,0,1.00e-05,0,0,0,0,0,1.11e-06
*13/*30,0,0,0,1.00e-05,0,0,0,0,0,1.11e-06
*13/*31,0,0,0,1.00e-05,0,0,0,0,0,1.11e-06
*13/*28,0,0,0,1.00e-05,0,0,0,0,0,1.11e-06
*13/*29,0,0,0,1.00e-05,0,0,0,0,0,1.11e-06
*3/*23,0,0,0,1.00e-05,0,0,0,0,0,1.11e-06
*2/*13,0,0,0,1.00e-05,0,0,0,0,0,1.11e-06
*33/*42,0,0,0,1.00e-05,0,0,0,0,0,1.11e-06
*3/*34,0,0,0,1.00e-05,0,0,0,0,0,1.11e-06
*8/*26,0,0,0,1.00e-05,0,0,0,0,0,1.11e-06
*8/*16,0,0,0,1.00e-05,0,0,0,0,0,1.11e-06
*33/*55,0,0,0,1.00e-05,0,0,0,0,0,1.11e-06
*8/*27,0,0,0,1.00e-05,0,0,0,0,0,1.11e-06
*8/*30,0,0,0,1.00e-05,0,0,0,0,0,1.11e-06
*8/*29,0,0,0,1.00e-05,0,0,0,0,0,1.11e-06
*8/*28,0,0,0,1.00e-05,0,0,0,0,0,1.11e-06
*8/*31,0,0,0,1.00e-05,0,0,0,0,0,1.11e-06
TOTAL,0.96,0.9969,0.9961,0.9944,0.9984,0.9796,0.9945,1,0.7247,0.0098
